BusinessEntityID;Title;FirstName;MiddleName;LastName;EmailPromotion
1;;Ken;J;Sánchez;0
2;;Terri;Lee;Duffy;1
3;;Roberto;;Tamburello;0
4;;Rob;;Walters;0
5;Ms.;Gail;A;Erickson;0
6;Mr.;Jossef;H;Goldberg;0
7;;Dylan;A;Miller;2
8;;Diane;L;Margheim;0
9;;Gigi;N;Matthew;0
10;;Michael;;Raheem;2
11;;Ovidiu;V;Cracium;0
12;;Thierry;B;D'Hers;2
13;Ms.;Janice;M;Galvin;2
14;;Michael;I;Sullivan;2
15;;Sharon;B;Salavaria;2
16;;David;M;Bradley;1
17;;Kevin;F;Brown;2
18;;John;L;Wood;2
19;;Mary;A;Dempsey;1
20;;Wanida;M;Benshoof;2
21;;Terry;J;Eminhizer;2
22;;Sariya;E;Harnpadoungsataya;0
23;;Mary;E;Gibson;0
24;Ms.;Jill;A;Williams;0
25;;James;R;Hamilton;0
26;;Peter;J;Krebs;0
27;;Jo;A;Brown;0
28;;Guy;R;Gilbert;0
29;;Mark;K;McArthur;1
30;;Britta;L;Simon;0
31;;Margie;W;Shoop;2
32;;Rebecca;A;Laszlo;1
33;;Annik;O;Stahl;0
34;;Suchitra;O;Mohan;2
35;;Brandon;G;Heidepriem;1
36;;Jose;R;Lugo;2
37;;Chris;O;Okelberry;0
38;;Kim;B;Abercrombie;2
39;;Ed;R;Dudenhoefer;0
40;;JoLynn;M;Dobney;1
41;;Bryan;;Baker;0
42;;James;D;Kramer;2
43;;Nancy;A;Anderson;1
44;;Simon;D;Rapier;0
45;;Thomas;R;Michaels;1
46;;Eugene;O;Kogan;0
47;;Andrew;R;Hill;1
48;;Ruth;Ann;Ellerbrock;0
49;;Barry;K;Johnson;0
50;;Sidney;M;Higa;0
51;;Jeffrey;L;Ford;0
52;;Doris;M;Hartwig;0
53;;Diane;R;Glimp;2
54;;Bonnie;N;Kearney;0
55;;Taylor;R;Maxwell;0
56;;Denise;H;Smith;0
57;;Frank;T;Miller;1
58;;Kendall;C;Keil;2
59;;Bob;N;Hohman;0
60;;Pete;C;Male;2
61;;Diane;H;Tibbott;0
62;;John;T;Campbell;1
63;;Maciej;W;Dusza;0
64;;Michael;J;Zwilling;1
65;;Randy;T;Reeves;0
66;;Karan;R;Khanna;1
67;;Jay;G;Adams;0
68;;Charles;B;Fitzgerald;2
69;;Steve;F;Masters;1
70;;David;J;Ortiz;0
71;;Michael;Sean;Ray;2
72;;Steven;T;Selikoff;2
73;;Carole;M;Poland;2
74;;Bjorn;M;Rettig;1
75;;Michiko;F;Osada;0
76;;Carol;M;Philips;2
77;;Merav;A;Netz;0
78;;Reuben;H;D'sa;2
79;;Eric;L;Brown;0
80;;Sandeep;P;Kaliyath;2
81;;Mihail;U;Frintu;0
82;;Jack;T;Creasey;0
83;;Patrick;M;Cook;0
84;;Frank;R;Martinez;1
85;;Brian;Richard;Goldstein;0
86;;Ryan;L;Cornelsen;2
87;;Cristian;K;Petculescu;1
88;;Betsy;A;Stadick;0
89;;Patrick;C;Wedge;0
90;;Danielle;C;Tiedt;1
91;;Kimberly;B;Zimmerman;0
92;;Tom;M;Vande Velde;0
93;;Kok-Ho;T;Loh;2
94;;Russell;;Hunter;1
95;;Jim;H;Scardelis;2
96;;Elizabeth;I;Keyser;0
97;;Mandar;H;Samant;0
98;;Sameer;A;Tejani;0
99;;Nuan;;Yu;0
100;;Lolan;B;Song;1
101;;Houman;N;Pournasseh;2
102;;Zheng;W;Mu;0
103;;Ebru;N;Ersan;2
104;;Mary;R;Baker;2
105;;Kevin;M;Homer;0
106;;John;T;Kane;1
107;;Christopher;E;Hill;0
108;;Jinghao;K;Liu;0
109;;Alice;O;Ciccu;1
110;;Jun;T;Cao;0
111;;Suroor;R;Fatima;0
112;;John;P;Evans;1
113;;Linda;K;Moschell;1
114;;Mindaugas;J;Krapauskas;1
115;;Angela;W;Barbariol;2
116;;Michael;W;Patten;0
117;;Chad;W;Niswonger;1
118;;Don;L;Hall;0
119;;Michael;T;Entin;1
120;;Kitti;H;Lertpiriyasuwat;0
121;;Pilar;G;Ackerman;0
122;;Susan;W;Eaton;2
123;;Vamsi;N;Kuppa;0
124;;Kim;T;Ralls;2
125;;Matthias;T;Berndt;0
126;;Jimmy;T;Bischoff;0
127;;David;P;Hamilton;1
128;;Paul;B;Komosinski;2
129;;Gary;W;Yukish;0
130;;Rob;T;Caron;0
131;;Baris;F;Cetinok;2
132;;Nicole;B;Holliday;0
133;;Michael;L;Rothkugel;2
134;;Eric;;Gubbels;2
135;;Ivo;William;Salmre;0
136;;Sylvester;A;Valdez;0
137;;Anibal;T;Sousa;0
138;;Samantha;H;Smith;0
139;Mr.;Hung-Fu;T;Ting;0
140;;Prasanna;E;Samarawickrama;1
141;;Min;G;Su;0
142;;Olinda;C;Turner;0
143;;Krishna;;Sunkammurali;2
144;;Paul;R;Singh;2
145;;Cynthia;S;Randall;0
146;;Jian Shuo;;Wang;0
147;;Sandra;;Reátegui Alayo;0
148;;Jason;M;Watters;0
149;;Andy;M;Ruth;1
150;;Michael;T;Vanderhyde;2
151;;Rostislav;E;Shabalin;2
152;;Yuhong;L;Li;1
153;;Hanying;P;Feng;0
154;;Raymond;K;Sam;0
155;;Fadi;K;Fakhouri;2
156;;Lane;M;Sacksteder;1
157;;Linda;A;Randall;0
158;;Shelley;N;Dyck;0
159;;Terrence;W;Earls;1
160;;Jeff;V;Hay;1
161;;Kirk;J;Koenigsbauer;1
162;;Laura;C;Steele;0
163;;Alex;M;Nayberg;1
164;;Andrew;M;Cencini;0
165;;Chris;T;Preston;0
166;;Jack;S;Richins;0
167;;David;N;Johnson;0
168;;Garrett;R;Young;2
169;;Susan;A;Metters;1
170;;George;Z;Li;0
171;;David;A;Yalovsky;1
172;;Marc;J;Ingle;2
173;;Eugene;R;Zabokritski;0
174;;Benjamin;R;Martin;2
175;;Reed;T;Koch;0
176;;David;Oliver;Lawrence;0
177;;Russell;M;King;0
178;;John;N;Frum;2
179;;Jan;S;Miksovsky;0
180;;Katie;L;McAskill-White;2
181;;Michael;T;Hines;0
182;;Nitin;S;Mirchandani;0
183;;Barbara;S;Decker;0
184;;John;Y;Chen;2
185;;Stefen;A;Hesse;1
186;;Shane;S;Kim;2
187;;Yvonne;S;McKay;0
188;;Douglas;B;Hite;1
189;;Janeth;M;Esteves;1
190;;Robert;J;Rounthwaite;0
191;;Lionel;C;Penuchot;1
192;;Brenda;M;Diaz;1
193;;Alejandro;E;McGuel;0
194;;Fred;T;Northup;0
195;;Kevin;H;Liu;2
196;;Shammi;G;Mohamed;0
197;;Rajesh;M;Patel;1
198;;Lorraine;O;Nay;1
199;;Paula;R;Nartker;1
200;;Frank;T;Lee;0
201;;Brian;T;Lloyd;0
202;;Tawana;G;Nusbaum;0
203;;Ken;L;Myer;1
204;;Gabe;B;Mares;0
205;;Lori;A;Kane;0
206;;Stuart;V;Munson;2
207;;Greg;F;Alderson;0
208;;Scott;R;Gode;0
209;;Kathie;E;Flood;0
210;;Belinda;M;Newman;2
211;;Hazem;E;Abolrous;0
212;;Peng;J;Wu;2
213;;Sootha;T;Charncherngkha;0
214;;Andreas;T;Berglund;0
215;;Mark;L;Harrington;0
216;;Sean;P;Alexander;2
217;;Zainal;T;Arifin;1
218;;Tengiz;N;Kharatishvili;1
219;;Sean;N;Chai;0
220;;Karen;R;Berge;0
221;;Chris;K;Norred;0
222;;A. Scott;;Wright;0
223;;Sairaj;L;Uddin;0
224;;William;S;Vong;2
225;;Alan;J;Brewer;0
226;;Brian;P;LaMee;0
227;;Gary;E.;Altman;0
228;;Christian;E;Kleinerman;0
229;;Lori;K;Penor;0
230;;Stuart;J;Macrae;0
231;;Jo;L;Berry;0
232;;Pat;H;Coleman;0
233;;Magnus;E;Hedlund;0
234;;Laura;F;Norman;1
235;;Paula;M;Barreto de Mattos;2
236;;Grant;N;Culbertson;2
237;;Hao;O;Chen;0
238;;Vidur;X;Luthra;0
239;;Mindy;C;Martin;0
240;;Willis;T;Johnson;0
241;;David;J;Liu;0
242;;Deborah;E;Poe;0
243;;Candy;L;Spoon;0
244;;Bryan;A;Walton;0
245;;Barbara;C;Moreland;0
246;;Dragan;K;Tomic;1
247;;Janet;L;Sheperdigian;0
248;;Mike;K;Seamans;2
249;;Wendy;Beth;Kahn;2
250;;Sheela;H;Word;0
251;;Mikael;Q;Sandberg;2
252;;Arvind;B;Rao;0
253;;Linda;P;Meisner;0
254;;Fukiko;J;Ogisu;0
255;;Gordon;L;Hee;0
256;;Frank;S;Pellow;0
257;;Eric;S;Kurjan;2
258;;Erin;M;Hagens;0
259;;Ben;T;Miller;0
260;;Annette;L;Hill;1
261;;Reinout;N;Hillmann;2
262;;David;M;Barber;0
263;;Jean;E;Trenary;2
264;;Stephanie;A;Conroy;2
265;;Ashvini;R;Sharma;1
266;;Peter;I;Connelly;0
267;;Karen;A;Berg;0
268;;Ramesh;V;Meyyappan;1
269;;Dan;K;Bacon;0
270;;François;P;Ajenstat;0
271;;Dan;B;Wilson;0
272;;Janaina;Barreiro Gambaro;Bueno;0
273;Mr.;Brian;S;Welcker;0
274;;Stephen;Y;Jiang;0
275;;Michael;G;Blythe;1
276;;Linda;C;Mitchell;0
277;;Jillian;;Carson;1
278;;Garrett;R;Vargas;0
279;;Tsvi;Michael;Reiter;1
280;;Pamela;O;Ansman-Wolfe;1
281;;Shu;K;Ito;2
282;;José;Edvaldo;Saraiva;0
283;;David;R;Campbell;0
284;Mr.;Tete;A;Mensa-Annan;1
285;Mr.;Syed;E;Abbas;0
286;;Lynn;N;Tsoflias;2
287;;Amy;E;Alberts;1
288;;Rachel;B;Valdez;0
289;;Jae;B;Pak;0
290;;Ranjit;R;Varkey Chudukatil;0
291;Mr.;Gustavo;;Achong;2
293;Ms.;Catherine;R.;Abel;1
295;Ms.;Kim;;Abercrombie;0
297;Sr.;Humberto;;Acevedo;2
299;Sra.;Pilar;;Ackerman;0
301;Ms.;Frances;B.;Adams;1
303;Ms.;Margaret;J.;Smith;0
305;Ms.;Carla;J.;Adams;0
307;Mr.;Jay;;Adams;1
309;Mr.;Ronald;L.;Adina;0
311;Mr.;Samuel;N.;Agcaoili;0
313;Mr.;James;T.;Aguilar;1
315;Mr.;Robert;E.;Ahlering;0
317;Mr.;François;;Ferrier;1
319;Ms.;Kim;;Akers;2
321;Ms.;Lili;J.;Alameda;1
323;Ms.;Amy;E.;Alberts;1
325;Ms.;Anna;A.;Albright;1
327;Mr.;Milton;J.;Albury;0
329;Mr.;Paul;L.;Alcorn;1
331;Mr.;Gregory;F.;Alderson;0
333;Mr.;J. Phillip;L.;Alexander;1
335;Ms.;Michelle;;Alexander;2
337;Mr.;Sean;P.;Jacobson;2
339;Ms.;Phyllis;A.;Allen;1
341;Mr.;Marvin;N.;Allen;0
343;Mr.;Michael;;Allen;2
345;Mr.;Cecil;J.;Allison;0
347;Mr.;Oscar;L.;Alpuerto;1
349;Ms.;Sandra;J.;Altamirano;0
351;Ms.;Selena;R.;Alvarado;0
353;Mr.;Emilio;R.;Alvaro;1
355;Mr.;Maxwell;J.;Amland;0
357;Ms.;Mae;N.;Anderson;0
359;Ms.;Ramona;J.;Antrim;0
361;Ms.;Sabria;B.;Appelbaum;0
363;Ms.;Hannah;R.;Arakawa;0
365;Ms.;Kyley;J.;Arbelaez;1
367;Mr.;Tom;H;Johnston;1
369;Mr.;Thomas;B.;Armstrong;0
371;Mr.;John;;Arthur;0
373;Mr.;Chris;;Ashton;1
375;Ms.;Teresa;;Atkinson;0
377;Mr.;John;P.;Ault;0
379;Mr.;Robert;A.;Avalos;0
381;Mr.;Stephen;M.;Ayers;0
383;Mr.;Phillip;M.;Bacalzo;0
385;Mr.;Daniel;;Blanco;0
387;Mr.;Cory;K.;Booth;1
389;Mr.;James;B.;Bailey;0
391;Mr.;Douglas;A.;Baldwin;0
393;Ms.;Jennifer;B.;Bales;1
395;Mr.;Alberto;F.;Baltazar;0
397;Mr.;Wayne;N.;Banack;2
399;Mr.;Darrell;M.;Banks;2
401;Ms.;Angela;;Barbariol;0
403;Mr.;David;;Barber;1
405;Mr.;Robert;L.;Barker;0
407;Ms.;Rebecca;R.;Barley;2
409;Ms.;Brenda;L.;Barlow;1
411;Mr.;Josh;;Barnhill;0
413;Mr.;Adam;;Barr;1
415;Ms.;Norma;N.;Barrera;2
417;;Gytis;M;Barzdukas;0
419;Mr.;David;M.;Bartness;0
421;Ms.;Karel;E.;Bates;1
423;Sr.;Ciro;J.;Bauer;0
425;Ms.;Glenna;L.;Beanston;0
427;Mr.;Shaun;;Beasley;1
429;Mr.;John;A.;Beaver;0
431;Mr.;Christopher;R.;Beck;0
433;Mr.;Bradley;;Beck;1
435;Mr.;Benjamin;J.;Becker;0
437;Ms.;Ann;;Beebe;0
439;Mr.;Shane;J.;Belli;1
441;Mr.;Stanley;A.;Alan;0
443;Mr.;Mason;;Bendixen;0
445;Mr.;John;M.;Bennetts;0
447;Mr.;Ido;;Ben-Sachar;0
449;Ms.;Edna;J.;Benson;0
451;Mr.;Payton;P.;Benson;0
453;Mr.;Max;;Benson;0
455;Mr.;Scot;A.;Bent;0
457;Mr.;Richard;M.;Bentley;0
459;Ms.;Marian;M.;Berch;0
461;Ms.;Karen;;Berge;1
463;Mr.;Alexander;J.;Berger;1
465;Mr.;John;M.;Berger;0
467;Ms.;Kris;R.;Bergin;0
469;;Andreas;;Berglund;0
471;Mr.;Robert;M.;Bernacchi;1
473;Mr.;Matthias;;Berndt;1
475;;John;;Berry;0
477;Mr.;Steven;B.;Brown;0
479;Mr.;Chris;N.;Bidelman;0
481;Ms.;Mary;B.;Billstrom;1
483;Mr.;Jimmy;;Bischoff;1
485;Mr.;Mary;;Bishop;0
487;Ms.;Mae;M.;Black;2
489;Ms.;Jackie;E.;Blackwell;1
491;Mr.;Donald;L.;Blanton;0
493;Ms.;Linda;E.;Burnett;2
495;Mr.;Michael;Greg;Blythe;0
497;Ms.;Gabriel;L.;Bockenkamp;0
499;Mr.;Michael;L.;Bohling;1
501;Ms.;Corinna;;Bolender;0
503;Sr.;Luis;;Bonifaz;2
505;Mr.;Randall;;Boseman;2
507;Ms.;Stephanie;;Bourne;0
509;Mr.;Eli;;Bowen;1
511;Mr.;Lester;J.;Bowman;0
513;Mr.;David;M.;Bradley;1
515;Mr.;Cornelius;L.;Brandon;0
517;Mr.;Richard;;Bready;0
519;Ms.;Sara;N.;Breer;0
521;Mr.;Ted;;Bremer;1
523;Mr.;Alan;;Brewer;1
525;Mr.;Walter;J.;Brian;1
527;Mr.;Christopher;M.;Bright;0
529;Ms.;Carol;J.;Brink;0
531;Mr.;David;J.;Brink;1
533;Mr.;John;R.;Brooks;0
535;Mr.;Willie;P.;Brooks;2
537;Ms.;Carolee;J.;Brown;0
539;Mr.;Jo;;Brown;1
541;Mr.;Robert;;Brown;0
543;Mr.;Kevin;F.;Browne;1
545;Ms.;Mary;K.;Browning;1
547;Mr.;Dave;P.;Browning;0
549;Ms.;Bridget;E.;Browqett;1
551;Mr.;Eric;J.;Brumfield;0
553;Mr.;Dick;R.;Brummer;0
555;Mr.;Michael;;Brundage;0
557;Ms.;Shirley;R.;Bruner;2
559;Ms.;June;B.;Brunner;0
561;Mr.;Dirk;J.;Bruno;0
563;Ms.;Nancy;;Buchanan;0
565;Sra.;Janaina Barreiro Gambaro;;Bueno;1
567;Mr.;Edward;T.;Buensalido;0
569;Ms.;Megan;E.;Burke;2
571;Ms.;Ingrid;K.;Burkhardt;0
573;Ms.;Karren;K.;Burkhardt;0
575;Mr.;Ovidiu;;Burlacu;0
577;Ms.;Dana;H.;Burnell;0
579;Mr.;Timothy;B.;Burnett;2
581;Mr.;Stephen;R.;Burton;0
583;Ms.;Deanna;R.;Buskirk;1
585;Mr.;Jared;L.;Bustamante;0
587;Mr.;Richard;A.;Byham;2
589;Mr.;David;J.;Byrnes;1
591;Mr.;Ryan;;Calafato;1
593;Ms.;Sylvia;A.;Caldwell;1
595;Ms.;Mari;B.;Caldwell;2
597;Ms.;Barbara;J.;Calone;0
599;Ms.;Lindsey;R.;Camacho;0
601;Sr.;Gustavo;;Camargo;0
603;Ms.;DeeDee;J.;Cameron;1
605;Ms.;Deborah;M.;Lee;0
607;Ms.;Joan;M.;Campbell;0
609;Mr.;David;;Campbell;2
611;Mr.;Henry;L.;Campen;2
613;Mr.;Chris;;Cannon;0
615;Mr.;Joseph;J.;Cantoni;0
617;Ms.;Suzana De Abreu;A.;Canuto;2
619;Mr.;Jun;;Cao;0
621;Mr.;Johnny;A.;Caprio;0
623;Mr.;Richard;;Carey;1
625;Mr.;Carlton;M.;Carlisle;0
627;Mr.;Ty Loren;;Carlson;0
629;Ms.;Jane;N.;Carmichael;1
631;Ms.;Jovita;A.;Carmody;0
633;Mr.;Steve;J.;Carnes;2
635;Mr.;Fernando;;Caro;1
637;Mr.;Rob;;Caron;0
639;Mr.;Andy;;Carothers;0
641;Ms.;Donna;F.;Carreras;1
643;Ms.;Rosmarie;J.;Carroll;0
645;Mr.;Matthew;;Carroll;0
647;Mr.;Joseph;N.;Castellucio;2
649;Ms.;Pamela;A.;Carlson;2
651;Mr.;Raul;E.;Casts;0
653;Ms.;Elizabeth;E.;Catalano;0
655;Mr.;Matthew;J.;Cavallari;0
657;Ms.;Brigid;F.;Cavendish;1
659;Mr.;Andrew;;Cencini;0
661;Ms.;Stacey;M.;Cereghino;1
663;Mr.;Baris;;Cetinok;1
665;Mr.;Sean;;Chai;0
667;Mr.;Pat;A.;Chambers;0
669;Mr.;Forrest;J.;Chandler;1
671;Mr.;Lee;J.;Chapla;2
673;Mr.;Greg;;Chapman;0
675;Mr.;Neil;;Charney;2
677;Mr.;Hao;;Chen;1
679;Mr.;John;Y.;Chen;1
681;Mr.;Pei;;Chow;0
683;Mr.;Yao-Qiang;;Cheng;1
685;Ms.;Nicky;E.;Chesnut;2
687;Ms.;Susan;B.;Chestnut;0
689;Mr.;Martin;;Chisholm;0
691;Mr.;Mike;M.;Choi;0
693;Ms.;Ruth;A.;Choin;0
695;Mr.;Anthony;;Chor;1
697;Mr.;Charles;M.;Christensen;2
699;Ms.;Jill;J.;Christie;0
701;Ms.;Alice;;Clark;1
703;Ms.;Gina;N.;Clark;2
705;Mr.;James;J.;Clark;2
707;Ms.;Jane;;Clayton;0
709;Ms.;Kristine;J.;Cleary;2
711;Ms.;Teanna;M.;Cobb;2
713;Ms.;Connie;L.;Coffman;0
715;Ms.;Jeanette;R.;Cole;2
717;Mr.;Eric;E.;Coleman;0
719;Mr.;Pat;;Coleman;0
721;Mr.;Takiko;J.;Collins;0
723;Mr.;John;L.;Colon;0
725;Mr.;Scott;A.;Colvin;2
727;Mr.;Aaron;;Con;0
729;Mr.;Peter;;Connelly;0
731;Mr.;William;J.;Conner;0
733;Ms.;Stephanie;;Conroy;0
735;Ms.;Amy;R.;Consentino;0
737;Ms.;Dorothy;J.;Contreras;0
739;Mr.;Patrick;M.;Cook;0
741;Mr.;Scott;;Cooper;0
743;Ms.;Eva;;Corets;1
745;Mr.;Marlin;M.;Coriell;0
747;Mr.;Ryan;;Cornelsen;2
749;Mr.;Bruno;;Costa Da Silva;1
751;Ms.;Pamela;R.;Cox;1
753;Mr.;Jack;;Creasey;2
755;Ms.;Sharon;A.;Crow;2
757;Ms.;Shelley;R.;Crow;0
759;Mr.;Grant;;Culbertson;0
761;Mr.;Scott;;Culp;0
763;Mr.;Conor;;Cunningham;0
765;Mr.;Jose;M.;Curry;0
767;Mr.;Thierry;;D'Hers;0
769;Mr.;Ryan;;Danner;2
771;Mr.;Mike;;Danseglio;0
773;Ms.;Megan;N.;Davis;0
775;Sr.;Alvaro;;De Matos Miranda Filho;1
777;Mr.;Jose;;De Oliveira;2
779;Mr.;Jacob;N.;Dean;1
781;Mr.;Alexander;J.;Deborde;0
783;Ms.;Barbara;S.;Decker;0
785;Mr.;Kirk;;DeGrasse;0
787;Ms.;Aidan;;Delaney;0
789;Mr.;Stefan;;Delmarco;2
791;Mr.;Shawn;R.;Demicell;2
793;Ms.;Della;F.;Demott Jr;0
795;Mr.;Bruno;;Deniut;2
797;Ms.;Helen;J.;Dennis;2
799;Mr.;Prashanth;;Desai;2
801;Ms.;Bev;L.;Desalvo;1
803;Ms.;Brenda;;Diaz;0
805;Ms.;Gabriele;;Dickmann;0
807;Ms.;Holly;;Dickson;0
809;Mr.;Dick;;Dievendorff;2
811;Mr.;Rudolph;J.;Dillon;0
813;Mr.;Andrew;;Dixon;0
815;Mr.;Blaine;;Dockter;1
817;Ms.;Cindy;M.;Dodd;2
819;Mr.;John;T.;Donovan;1
821;Ms.;Patricia;;Doyle;0
823;Mr.;Gerald;M.;Drury;0
825;Mr.;Gary;T.;Drury;1
827;Mr.;Reuben;;D'sa;0
829;Mr.;Ed;;Dudenhoefer;0
831;Mr.;Bernard;;Duerr;0
833;Ms.;Tish;R.;Duff;2
835;Sr.;Adrian;;Dumitrascu;0
837;Mr.;Bart;;Duncan;1
839;Mr.;Maciej;;Dusza;1
841;Ms.;Shelley;;Dyck;0
843;Ms.;Linda;R.;Ecoffey;2
845;Ms.;Carla;L.;Eldridge;0
847;Ms.;Carol;B.;Elliott;2
849;Ms.;Shannon;P.;Elliott;0
851;Ms.;Jauna;E.;Elson;1
853;Mr.;Michael;;Emanuel;0
855;Mr.;Terry;;Eminhizer;0
857;Mr.;John;;Emory;1
859;Ms.;Gail;;Erickson;1
861;Mr.;Mark;B;Erickson;2
863;Ms.;Martha;R.;Espinoza;1
865;Ms.;Julie;P.;Estes;2
867;Sra.;Janeth;;Esteves;1
869;Ms.;Twanna;R.;Evans;2
871;Ms.;Ann;R.;Evans;1
873;Mr.;John;;Evans;0
875;Mr.;Marc;;Faeber;0
877;Mr.;Fadi;;Fakhouri;0
879;Ms.;Carolyn;;Farino;2
881;Ms.;Geri;P.;Farrell;1
883;Ms.;Hanying;;Feng;0
885;Ms.;Rhoda;J.;Finley;0
887;Mr.;Duane;R.;Fitzgerald;1
889;Mr.;James;;Fine;0
891;Ms.;Kathie;;Flood;0
893;Mr.;Jay;;Fluegel;0
895;Ms.;Kelly;;Focht;1
897;Mr.;Jeffrey;L.;Ford;0
899;Mr.;Garth;;Fort;0
901;Ms.;Dorothy;J.;Fox;2
903;Ms.;Judith;B.;Frazier;0
905;Mr.;John;;Fredericksen;0
907;Ms.;Susan;E.;French;0
909;Mr.;Liam;J.;Friedland;0
911;Mr.;Mihail;;Frintu;0
913;Mr.;John;;Ford;2
915;Mr.;Paul;J.;Fulton;2
917;Mr.;Don;;Funk;2
919;Mr.;Bob;;Gage;1
921;Ms.;Aldeen;J.;Gallagher;2
923;Mr.;Michael;;Galos;0
925;Mr.;Jon;;Ganio;1
927;Ms.;Kathleen;M.;Garza;2
929;Mr.;Dominic;P.;Gash;0
931;Ms.;Janet;M.;Gates;0
933;Mr.;Orlando;N.;Gee;0
935;Mr.;Darren;;Gehring;1
937;Mr.;Jim;;Geist;0
939;Ms.;Barbara;J.;German;0
941;Mr.;Tom;;Getzinger;0
943;Mr.;Leo;;Giakoumakis;1
945;Mr.;Cornett;L.;Gibbens;1
947;Mr.;Frances;J.;Giglio;2
949;Mr.;Guy;;Gilbert;0
951;Ms.;Janet;J.;Gilliat;0
953;Ms.;Mary;M.;Gimmi;0
955;Mr.;David;L.;Givens;0
957;Ms.;Jeanie;R.;Glenn;2
959;Ms.;Diane;R.;Glimp;0
961;Mr.;James;R.;Glynn;0
963;Mr.;Scott;;Gode;0
965;Mr.;Mete;;Goktepe;2
967;Mr.;Jossef;;Goldberg;0
969;Mr.;Brian;R;Goldstein;0
971;Ms.;Lynn;A.;Gonzales;0
973;Ms.;Linda;L.;Gonzales;0
975;Ms.;Abigail;J.;Gonzalez;0
977;Mr.;Michael;;Graff;2
979;Mr.;Derek;;Graham;0
981;Mr.;Lowell;J.;Graham;1
983;Mr.;Jon;;Grande;1
985;Ms.;Jane;P.;Greer;1
987;Mr.;Geoff;;Grisso;1
989;Mr.;Douglas;;Groncki;1
991;Mr.;Brian;;Groth;1
993;Ms.;Faith;M.;Gustafson;1
995;Mr.;Greg;;Harrison;0
997;Ms.;Hattie;J.;Haemon;0
999;Mr.;Matthew;M.;Hagemann;0
1001;Ms.;Erin;M.;Hagens;0
1003;Ms.;Betty;M.;Haines;2
1005;Ms.;Karen;E.;Hall;0
1007;Mr.;Don;;Hall;1
1009;Mr.;Bryan;;Hamilton;0
1011;Mr.;James;R.;Hamilton;0
1013;Mr.;Kerim;;Hanif;0
1015;Ms.;Jean;P.;Handley;2
1017;Mr.;Mark;;Hanson;0
1019;Mr.;William;J.;Hapke;2
1021;Ms.;Katherine;;Harding;2
1023;Ms.;Kimberly;Beth;Harrington;1
1025;Mr.;Lucy;;Harrington;0
1027;Mr.;Keith;;Harris;2
1029;Ms.;Doris;;Hartwig;0
1031;Mr.;Roger;;Harui;2
1033;Ms.;Ann;T.;Hass;2
1035;Mr.;Mark;;Hassall;1
1037;Mr.;Neal;B.;Hasty;1
1039;Mr.;James;B.;Haugh;1
1041;Mr.;Jeff;;Hay;1
1043;Ms.;Brenda;F.;Heaney;0
1045;;James;;Hendergart;0
1047;Mr.;John;;Hanson;1
1049;Ms.;Valerie;M.;Hendricks;1
1051;Mr.;Jay;;Henningsen;0
1053;Mr.;Jeff;D.;Henshaw;0
1055;Mr.;Kari;;Hensien;1
1057;Ms.;Deena;J.;Herman;2
1059;Ms.;Irene;J.;Hernandez;0
1061;Mr.;Jésus;;Hernandez;0
1063;Ms.;Pam;L.;Herrick;0
1065;Ms.;Cheryl;M.;Herring;0
1067;Mr.;Ronald;K.;Heymsfield;0
1069;Mr.;Sidney;;Higa;2
1071;Ms.;Onetha;F.;Higgs;1
1073;Ms.;Fran;P.;Highfill;0
1075;Ms.;Geneva;T.;Hill;2
1077;Mr.;Andrew;R.;Hill;0
1079;Mr.;Reinout;;Hillmann;0
1081;Mr.;Mike;;Hines;1
1083;Mr.;Matthew;;Hink;2
1085;Ms.;Nancy;E.;Hirota;0
1087;Ms.;Rose;;Hirsch;1
1089;Mr.;Douglas;;Hite;0
1091;Mr.;David;;Hodgson;2
1093;Ms.;Helge;;Hoeing;1
1095;Ms.;Barbara;;Hoffman;0
1097;Ms.;Holly;J.;Holt;0
1099;Mr.;Bob;;Hodges;1
1101;Ms.;Jean;J.;Holloway;1
1103;Mr.;Michael;;Holm;2
1105;Mr.;Eddie;M.;Holmes;0
1107;Ms.;Juanita;J.;Holman;2
1109;Mr.;Peter;;Houston;2
1111;Mr.;Curtis;P.;Howard;0
1113;Mr.;Joe;;Howard;2
1115;Ms.;Janice;K.;Hows;2
1117;Mr.;George;M.;Huckaby;0
1119;Mr.;Joshua;J.;Huff;1
1121;Ms.;Arlene;;Huff;1
1123;Mr.;Matthew;M.;Hunter;1
1125;Ms.;Phyllis;R.;Huntsman;2
1127;Mr.;Lawrence;E.;Hurkett;1
1129;Mr.;Ryan;;Ihrig;2
1131;Ms.;Beth;;Inghram;1
1133;Mr.;Lucio;;Iallo;2
1135;Mr.;Richard;L.;Irwin;0
1137;Mr.;Erik;;Ismert;2
1139;Ms.;Denean;J.;Ison;1
1141;Mr.;Raman;;Iyer;0
1143;Mr.;Bronson;R.;Jacobs;2
1145;Mr.;Eric;A.;Jacobsen;0
1147;Ms.;Jodan;M.;Jacobson;0
1149;Ms.;Mary;;Alexander;0
1151;Mr.;David;;Jaffe;0
1153;Mr.;Jay;;Jamison;1
1155;Ms.;Vance;P.;Johns;0
1157;Ms.;Joyce;;Jarvis;0
1159;Mr.;George;;Jiang;0
1161;Mr.;Stephen;Yuan;Jiang;0
1163;Mr.;Samuel;A.;Johnson;0
1165;Ms.;Danielle;B.;Johnson;1
1167;Mr.;Greg;M.;Johnson;1
1169;Mr.;Barry;;Johnson;1
1171;Mr.;Brian;;Johnson;2
1173;Mr.;David;;Johnson;2
1175;Mr.;Willis;;Johnson;1
1177;Ms.;Tamara;;Johnston;0
1179;Mr.;Robert;E.;Jones;1
1181;Mr.;Brannon;;Jones;2
1183;Ms.;Jean;;Jordan;1
1185;Ms.;Peggy;J.;Justice;0
1187;Ms.;Diane;F.;Krane;0
1189;Mr.;Scott;B.;Kaffer;2
1191;Ms.;Sandra;T.;Kitt;0
1193;Ms.;Wendy;;Kahn;2
1195;Mr.;Sandeep;;Kaliyath;0
1197;Mr.;John;;Kane;1
1199;Ms.;Lori;;Kane;0
1201;Ms.;Judith;F.;Krane;2
1203;Ms.;Kay;E.;Krane;0
1205;Mr.;Sandeep;;Katyal;2
1207;Ms.;Bonnie;;Kearney;0
1209;Mr.;Kendall;;Keil;0
1211;Mr.;Victor;A.;Kelley;2
1213;Mr.;John;;Kelly;1
1215;Mr.;Robert;;Kelly;1
1217;Mr.;Kevin;;Kennedy;1
1219;Ms.;Mary;R.;Kesslep;0
1221;Ms.;Alice;L.;Kesterson;0
1223;Ms.;Elizabeth;;Keyser;0
1225;Ms.;Tammy;J.;Khan;0
1227;Mr.;Imtiaz;;Khan;0
1229;Ms.;Karan;;Khanna;0
1231;Mr.;Joe;;Kim;2
1233;Mr.;Jim;;Kim;0
1235;Mr.;Shane;S.;Kim;0
1237;Mr.;Tim;;Kim;0
1239;Mr.;Russell;;King;0
1241;Mr.;Anton;;Kirilov;1
1243;Mr.;Christian;;Kleinerman;0
1245;Mr.;Andrew;P.;Kobylinski;0
1247;Mr.;Reed;;Koch;1
1249;Mr.;Jim;;Kennedy;2
1251;Mr.;Kirk;T;King;2
1253;Mr.;Eugene;;Kogan;0
1255;Mr.;Scott;;Konersmann;2
1257;Ms.;Joy;R.;Koski;0
1259;Ms.;Pamala;M.;Kotc;2
1261;Mr.;Edward;J.;Kozlowski;0
1263;Mr.;James;D.;Kramer;0
1265;Mr.;Mitch;;Kennedy;1
1267;Mr.;James;J.;Krow;0
1269;Ms.;Margaret;T.;Krupka;0
1271;Mr.;Deepak;;Kumar;0
1273;Mr.;Jeffrey;B.;Kung;0
1275;Mr.;Vamsi;;Kuppa;0
1277;Mr.;Jeffrey;;Kurtz;2
1279;Mr.;Peter;;Kurniawan;0
1281;Mr.;Eric;;Lang;0
1283;Ms.;Rebecca;;Laszlo;0
1285;Ms.;Cecilia;M.;Laursen;0
1287;Mr.;David;O;Lawrence;0
1289;Ms.;Elsa;;Leavitt;0
1291;Mr.;Michael;J.;Lee;1
1293;Ms.;Marjorie;M.;Lee;0
1295;Mr.;Frank;;Campbell;1
1297;Mr.;Mark;;Lee;0
1299;Mr.;Robertson;;Lee;2
1301;Ms.;Jolie;;Lenehan;0
1303;Mr.;Roger;;Lengel;2
1305;;A.;Francesca;Leonetti;2
1307;Ms.;Bonnie;B.;Lepro;0
1309;Ms.;Gloria;J.;Lesko;0
1311;Ms.;Linda;;Leste;1
1313;Mr.;Steven;B.;Levy;0
1315;Ms.;Judy;;Lew;1
1317;Ms.;Elsie;L.;Lewin;0
1319;Mr.;George;Z.;Li;0
1321;Mr.;Yale;;Li;1
1323;Ms.;Yan;;Li;0
1325;Ms.;Yuhong;;Li;0
1327;Mr.;Joseph;M.;Lique;0
1329;Mr.;Paulo;H.;Lisboa;0
1331;Mr.;David;J.;Liu;1
1333;;Jinghao;;Liu;2
1335;Mr.;Kevin;;Liu;2
1337;Mr.;Run;;Liu;1
1339;Mr.;Todd;R.;Logan;0
1341;Mr.;Kok-Ho;;Loh;1
1343;Mr.;John;K.;Long;0
1345;Ms.;Sharon;J.;Looney;0
1347;Mr.;Jeremy;;Los;2
1349;Mr.;Spencer;;Low;0
1351;Ms.;Anita;R.;Lucerne;1
1353;Mr.;Jose;;Lugo;1
1355;Mr.;Richard;;Lum;0
1357;Ms.;Judy;R.;Lundahl;0
1359;Mr.;Sean;J.;Lunt;0
1361;Ms.;Helen;R.;Lutes;2
1363;Mr.;Robert;P.;Lyeba;0
1365;Ms.;Sharon;F.;Lynn;0
1367;Mr.;Robert;;Lyon;1
1369;Ms.;Jenny;;Lysaker;0
1371;Ms.;Denise;R.;Maccietto;0
1373;Mr.;Scott;;MacDonald;0
1375;Mr.;Walter;J.;Mays;1
1377;Mr.;Patrick;J.;Magenheimer;2
1379;Ms.;Kimberly;N.;Malmendier;0
1381;Mr.;Ajay;;Manchepalli;0
1383;Ms.;Parul;;Manek;0
1385;Mr.;Tomas;M.;Manzanares;1
1387;Ms.;Kathy;R.;Marcovecchio;0
1389;Ms.;Jill;K.;Markwood;2
1391;Ms.;Melissa;R.;Marple;2
1393;Ms.;Cecelia;L.;Marshall;1
1395;Mr.;Benjamin;;Martin;2
1397;Ms.;Linda;;Martin;0
1399;Ms.;Mindy;;Martin;1
1401;Ms.;Sandra;I.;Martinez;0
1403;Mr.;Frank;;Mart¡nez;1
1405;Mr.;Steve;;Masters;0
1407;Mr.;Joseph;;Matthews;0
1409;Ms.;Jennifer;J.;Maxham;0
1411;Mr.;Chris;;Maxwell;0
1413;Ms.;Sandra;B.;Maynard;1
1415;Mr.;John;J.;McClane;0
1417;Ms.;Robin;M.;McGuigan;1
1419;Ms.;Stacie;K.;Mcanich;0
1421;Ms.;Katie;;McAskill-White;2
1423;Ms.;Lola;M.;McCarthy;0
1425;Ms.;Jane;A.;McCarty;2
1427;Ms.;Nikki;;McCormick;1
1429;Mr.;James;L.;McCoy;0
1431;Ms.;Christinia;A.;McDonald;1
1433;Mr.;Alejandro;;McGuel;0
1435;Ms.;Yvonne;;McKay;0
1437;Ms.;Nkenge;;McLin;1
1439;Ms.;Nancy;A.;McPhearson;2
1441;Ms.;Nellie;T.;Medina;0
1443;Ms.;Raquel;;Mello;1
1445;Ms.;Gladys;F.;Mendiola;0
1447;Mr.;R. Morgan;L.;Mendoza;0
1449;Mr.;Tosh;;Meston;0
1451;Ms.;Susan;;Metters;0
1453;Mr.;Stephen;A.;Mew;0
1455;Mr.;Eric;B.;Meyer;0
1457;Ms.;Helen;M.;Meyer;0
1459;Ms.;Deanna;;Meyer;0
1461;Mr.;Gary;P.;Meyerhoff;0
1463;Mr.;Ramesh;;Meyyappan;0
1465;Mr.;Thomas;R.;Michaels;2
1467;Mr.;Jan;;Miksovsky;1
1469;Ms.;Virginia;L.;Miller;1
1471;Mr.;Matthew;J.;Miller;0
1473;Mr.;Emilo;R.;Miller;0
1475;Mr.;Ben;;Miller;1
1477;Mr.;Dylan;;Miller;1
1479;Mr.;Frank;;Miller;0
1481;Ms.;Neva;M.;Mitchell;0
1483;Ms.;Linda;;Mitchell;0
1485;Mr.;Scott;;Mitchell;1
1487;Mr.;Robert;;Mitosinka;2
1489;Mr.;Joseph;P.;Mitzner;2
1491;Ms.;Paula;B.;Moberly;2
1493;Ms.;Suchitra;;Mohan;0
1495;Mr.;Jonathan;;Moeller;0
1497;Mr.;William;J.;Monroe;1
1499;Ms.;Alan;L.;Monitor;0
1501;Ms.;Hillaine;N.;Montera;0
1503;Mr.;Bobby;;Moore;0
1505;Ms.;Barbara;;Moreland;0
1507;Mr.;Jon;;Morris;1
1509;Ms.;Julia;;Moseley;0
1511;Ms.;Marie;E.;Moya;0
1513;Mr.;Zheng;;Mu;0
1515;Mr.;Salman;;Mughal;1
1517;Mr.;Albert;;Mungin;1
1519;Mr.;Stuart;;Munson;1
1521;Ms.;Billie Jo;;Murray;0
1523;Ms.;Dorothy;J.;Myer;0
1525;Mr.;Ken;;Myer;0
1527;Ms.;Suzanne;;Nelson;1
1529;;Mandar;;Naik;0
1531;Mr.;Greg;F.;Mohamed;0
1533;Mr.;Mike;;Nash;0
1535;Ms.;Lorraine;;Nay;0
1537;Mr.;Alex;;Nayberg;0
1539;Ms.;Jan;R.;Nelsen;1
1541;Mr.;Amir;T.;Netz;0
1543;Mr.;Donals;E.;Nilson;2
1545;Mr.;Toby;;Nixon;0
1547;Ms.;Laura;;Norman;0
1549;Mr.;Fred;;Northup;0
1551;Mr.;Michael;J;O'Connell;0
1553;Mr.;Tim;;O'Brien;1
1555;;Tina;Slone;O'Dell;1
1557;Mr.;Robert;;O'Hara;0
1559;Mr.;Nino;E.;Olivotto;2
1561;Mr.;Lee;M.;Olguin;1
1563;Mr.;Tad;;Orman;0
1565;Ms.;Gloria;B.;Orona;1
1567;Mr.;Fred;A.;Ortiz;0
1569;Mr.;John;E.;Ortiz;1
1571;Mr.;David;J.;Ortiz;1
1573;Ms.;Michiko;;Osada;0
1575;Mr.;Stu;J.;Osborn;1
1577;Mr.;Scott;;Oveson;1
1579;Ms.;Lori;;Oviatt;0
1581;Ms.;Jyothi;;Pai;0
1583;Mr.;Cristian;B.;Osorio;1
1585;Ms.;Mosha;M.;Park;2
1587;Mr.;Rajesh;M.;Patel;1
1589;Mr.;Shyamalan;;Pather;1
1591;Mr.;Michael;;Patten;2
1593;Ms.;Trish;E.;Pederson;0
1595;Mr.;Frank;;Pellow;0
1597;Mr.;Lionel;;Penuchot;0
1599;Ms.;Elizabeth;M.;Peoples;0
1601;Mr.;John;;Peoples;1
1603;Mr.;Jonathan;;Perera;1
1605;Ms.;Tina;A.;Perko;2
1607;Mr.;James;;Peters;0
1609;Mr.;Glin;J.;Peterson;1
1611;Ms.;Sara;E.;Pettengill;0
1613;Ms.;Carol;;Philips;0
1615;Ms.;Patricia;B.;Porter;2
1617;Mr.;Pat;R.;Pinkston;0
1619;Mr.;Paulo;Sergio Da Silva;Pinto;0
1621;Ms.;Deborah;;Poe;2
1623;Mr.;Grigory;;Pogulsky;1
1625;Ms.;Carole;;Poland;1
1627;Ms.;Cheryl;J.;Pompa;0
1629;;Alma;B.;Poorbaugh;0
1631;Ms.;Ethel;J.;Porter;2
1633;Ms.;Constance;J.;Posner;2
1635;Mr.;Josh;;Pollock;1
1637;Ms.;Betty;J.;Potts;1
1639;Mr.;Fred;;Preston;0
1641;Mr.;Jeff;;Price;2
1643;Mr.;Milton;M.;Pugh;1
1645;Mr.;Sean;;Purcell;0
1647;Ms.;Monica;L.;Quintana;0
1649;Ms.;Mary Lou;M.;Quintana;0
1651;Ms.;Kim;;Ralls;0
1653;Ms.;Susan;J.;Ramos;1
1655;Ms.;Cynthia;;Randall;2
1657;Mr.;Arvind;B.;Rao;1
1659;Mr.;Simon;;Rapier;0
1661;Mr.;Michael;S;Ray;1
1663;Ms.;Suzann;K.;Reams;2
1665;Ms.;Michelle;B.;Rector;1
1667;Ms.;Jamie;;Reding;0
1669;Mr.;Russell;A.;Reed;2
1671;Ms.;Celine;J.;Reed;2
1673;Mr.;Randy;;Reeves;0
1675;Mr.;Enoch;T;Remick;2
1677;Mr.;Eric;E.;Rhodes;2
1679;Mr.;Adam;J.;Reynolds;1
1681;Ms.;Constance;J.;Remmington;1
1683;Mr.;Albert;A.;Rhodes;0
1685;Mr.;Dave;;Richards;0
1687;Mr.;Jack;S.;Richins;0
1689;Ms.;Marie;M.;Richmeier;0
1691;Mr.;William;J.;Richter;0
1693;Mr.;Thomas;M.;Richards;0
1695;Ms.;Stacy;K.;Rizzi;0
1697;Ms.;Leota;J.;Roberts;0
1699;Mr.;David;R.;Robinett;1
1700;Ms.;Rebecca;A.;Robinson;0
1701;Ms.;Dorothy;B.;Robinson;2
1702;Ms.;Carol Ann;F.;Rockne;0
1703;Mr.;Scott;M.;Rodgers;0
1704;Mr.;Jim;;Rodman;0